-- Madrid Sostenible - Base de Datos Municipal
-- Dump SQL completo para la práctica

-- Eliminación de tablas si existen
DROP TABLE IF EXISTS consumo_energetico;
DROP TABLE IF EXISTS zonas_verdes;
DROP TABLE IF EXISTS estaciones_transporte;
DROP TABLE IF EXISTS lineas_transporte;
DROP TABLE IF EXISTS edificios_publicos;
DROP TABLE IF EXISTS distritos;

-- Tabla de distritos
CREATE TABLE distritos (
    id INTEGER PRIMARY KEY,
    nombre TEXT NOT NULL,
    poblacion INTEGER NOT NULL,
    superficie_km2 REAL NOT NULL,
    densidad_poblacion REAL NOT NULL,
    latitud REAL NOT NULL,
    longitud REAL NOT NULL,
    codigo_postal_principal INTEGER
);

-- Tabla de edificios públicos
CREATE TABLE edificios_publicos (
    id INTEGER PRIMARY KEY,
    nombre TEXT NOT NULL,
    tipo TEXT NOT NULL CHECK (tipo IN ('Administrativo', 'Educativo', 'Sanitario', 'Cultural', 'Deportivo', 'Social')),
    distrito_id INTEGER NOT NULL,
    direccion TEXT NOT NULL,
    latitud REAL NOT NULL,
    longitud REAL NOT NULL,
    superficie_m2 INTEGER NOT NULL,
    año_construccion INTEGER,
    ultimo_renovado INTEGER,
    accesibilidad TEXT CHECK (accesibilidad IN ('Alta', 'Media', 'Baja')),
    certificacion_energetica TEXT CHECK (certificacion_energetica IN ('A', 'B', 'C', 'D', 'E', 'F', 'G')),
    FOREIGN KEY (distrito_id) REFERENCES distritos(id)
);

-- Tabla de líneas de transporte
CREATE TABLE lineas_transporte (
    id INTEGER PRIMARY KEY,
    nombre TEXT NOT NULL,
    tipo TEXT NOT NULL CHECK (tipo IN ('Metro', 'EMT', 'Cercanías')),
    longitud_km REAL,
    num_paradas INTEGER,
    frecuencia_media_min REAL,
    año_inauguracion INTEGER
);

-- Tabla de estaciones/paradas de transporte
CREATE TABLE estaciones_transporte (
    id INTEGER PRIMARY KEY,
    nombre TEXT NOT NULL,
    linea_id INTEGER NOT NULL,
    tipo TEXT NOT NULL CHECK (tipo IN ('Estación', 'Parada')),
    distrito_id INTEGER NOT NULL,
    latitud REAL NOT NULL,
    longitud REAL NOT NULL,
    accesibilidad TEXT CHECK (accesibilidad IN ('Total', 'Parcial', 'Ninguna')),
    correspondencia BOOLEAN,
    año_inauguracion INTEGER,
    FOREIGN KEY (linea_id) REFERENCES lineas_transporte(id),
    FOREIGN KEY (distrito_id) REFERENCES distritos(id)
);

-- Tabla de zonas verdes
CREATE TABLE zonas_verdes (
    id INTEGER PRIMARY KEY,
    nombre TEXT NOT NULL,
    tipo TEXT NOT NULL CHECK (tipo IN ('Parque', 'Jardín', 'Zona ajardinada', 'Área forestal')),
    distrito_id INTEGER NOT NULL,
    superficie_m2 REAL NOT NULL,
    latitud REAL NOT NULL,
    longitud REAL NOT NULL,
    año_creacion INTEGER,
    num_especies_vegetales INTEGER,
    tiene_area_infantil BOOLEAN,
    tiene_area_deportiva BOOLEAN,
    tiene_area_canina BOOLEAN,
    FOREIGN KEY (distrito_id) REFERENCES distritos(id)
);

-- Tabla de consumo energético
CREATE TABLE consumo_energetico (
    id INTEGER PRIMARY KEY,
    edificio_id INTEGER NOT NULL,
    fecha DATE NOT NULL,
    consumo_electrico_kwh REAL NOT NULL,
    consumo_gas_m3 REAL,
    consumo_agua_m3 REAL,
    emisiones_co2_kg REAL,
    coste_total_euros REAL,
    FOREIGN KEY (edificio_id) REFERENCES edificios_publicos(id)
);

-- Inserción de datos en la tabla distritos
INSERT INTO distritos (id, nombre, poblacion, superficie_km2, densidad_poblacion, latitud, longitud, codigo_postal_principal) VALUES
(1, 'Centro', 134881, 5.23, 25790.00, 40.4167, -3.7033, 28013),
(2, 'Arganzuela', 154432, 6.85, 22545.00, 40.4000, -3.6933, 28045),
(3, 'Retiro', 118376, 5.38, 22003.00, 40.4142, -3.6824, 28009),
(4, 'Salamanca', 146755, 5.41, 27126.00, 40.4267, -3.6761, 28006),
(5, 'Chamartín', 145934, 9.19, 15879.00, 40.4462, -3.6784, 28016),
(6, 'Tetuán', 155649, 5.36, 29040.00, 40.4599, -3.6996, 28020),
(7, 'Chamberí', 138418, 4.69, 29512.00, 40.4356, -3.7005, 28015),
(8, 'Fuencarral-El Pardo', 240917, 43.82, 5498.00, 40.4893, -3.7305, 28049),
(9, 'Moncloa-Aravaca', 116884, 46.49, 2514.00, 40.4447, -3.7350, 28008),
(10, 'Latina', 237434, 25.85, 9185.00, 40.3845, -3.7547, 28047),
(11, 'Carabanchel', 248220, 14.05, 17667.00, 40.3850, -3.7320, 28025),
(12, 'Usera', 136978, 7.71, 17769.00, 40.3853, -3.7008, 28026),
(13, 'Puente de Vallecas', 227595, 14.87, 15306.00, 40.3889, -3.6650, 28038),
(14, 'Moratalaz', 93217, 6.35, 14679.00, 40.4078, -3.6453, 28030),
(15, 'Ciudad Lineal', 212529, 11.31, 18790.00, 40.4389, -3.6392, 28027),
(16, 'Hortaleza', 180462, 27.31, 6608.00, 40.4725, -3.6400, 28043),
(17, 'Villaverde', 142608, 20.19, 7062.00, 40.3447, -3.7011, 28021),
(18, 'Villa de Vallecas', 108649, 51.47, 2111.00, 40.3728, -3.6150, 28031),
(19, 'Vicálvaro', 68297, 35.12, 1945.00, 40.4022, -3.5900, 28032),
(20, 'San Blas-Canillejas', 156149, 22.72, 6873.00, 40.4350, -3.6100, 28022),
(21, 'Barajas', 46876, 33.56, 1397.00, 40.4789, -3.5800, 28042);

-- Inserción de datos en la tabla edificios_publicos
INSERT INTO edificios_publicos (id, nombre, tipo, distrito_id, direccion, latitud, longitud, superficie_m2, año_construccion, ultimo_renovado, accesibilidad, certificacion_energetica) VALUES
(1, 'Oficina Municipal Centro 1', 'Administrativo', 1, 'Calle Mayor 72', 40.4156, -3.7121, 3500, 1985, 2015, 'Alta', 'C'),
(2, 'CEIP Vázquez García', 'Educativo', 1, 'Calle Bailén 18', 40.4189, -3.7136, 4200, 1962, 2010, 'Media', 'D'),
(3, 'Centro de Salud Centro Norte', 'Sanitario', 1, 'Calle Fuencarral 56', 40.4234, -3.7028, 2800, 1992, 2018, 'Alta', 'B'),
(4, 'Centro Cultural Conde Duque', 'Cultural', 1, 'Calle Conde Duque 11', 40.4280, -3.7112, 7500, 1730, 2011, 'Media', 'D'),
(5, 'Polideportivo Centro I', 'Deportivo', 1, 'Calle Sebastián Elcano 4', 40.4102, -3.7052, 6200, 1988, 2017, 'Alta', 'C'),
(6, 'Centro Social Centro Sur', 'Social', 1, 'Plaza Tirso de Molina 8', 40.4122, -3.7037, 1800, 1975, 2014, 'Media', 'D'),
(7, 'Oficina Municipal Arganzuela 1', 'Administrativo', 2, 'Paseo de la Chopera 10', 40.4023, -3.6981, 2800, 1990, 2016, 'Alta', 'C'),
(8, 'CEIP Menéndez Rodríguez', 'Educativo', 2, 'Calle Ferrocarril 35', 40.4007, -3.6896, 5100, 1970, 2012, 'Alta', 'C'),
(9, 'Centro de Salud Arganzuela Este', 'Sanitario', 2, 'Calle Embajadores 120', 40.4008, -3.7017, 2500, 1998, 2018, 'Alta', 'B'),
(10, 'Biblioteca Pública Arganzuela', 'Cultural', 2, 'Calle Arganda 12', 40.3978, -3.6885, 3200, 2001, 2018, 'Alta', 'B'),
(11, 'Oficina Municipal Retiro 1', 'Administrativo', 3, 'Avenida Ciudad de Barcelona 162', 40.4065, -3.6722, 2600, 1988, 2016, 'Alta', 'C'),
(12, 'CEIP Calderón Martínez', 'Educativo', 3, 'Calle Ibiza 56', 40.4158, -3.6715, 4800, 1965, 2013, 'Media', 'D'),
(13, 'Centro de Salud Retiro Norte', 'Sanitario', 3, 'Calle Narváez 45', 40.4186, -3.6768, 2300, 1995, 2019, 'Alta', 'B'),
(14, 'Centro Cultural Luis Peidró', 'Cultural', 3, 'Calle Doctor Esquerdo 35', 40.4135, -3.6712, 3800, 1978, 2014, 'Media', 'C'),
(15, 'Oficina Municipal Salamanca 1', 'Administrativo', 4, 'Calle Velázquez 95', 40.4293, -3.6812, 3200, 1980, 2015, 'Alta', 'C'),
(16, 'CEIP Ortega Domínguez', 'Educativo', 4, 'Calle Príncipe de Vergara 126', 40.4326, -3.6776, 5400, 1962, 2011, 'Media', 'D'),
(17, 'Centro de Salud Salamanca Este', 'Sanitario', 4, 'Calle Núñez de Balboa 68', 40.4295, -3.6836, 2500, 1993, 2018, 'Alta', 'B'),
(18, 'Biblioteca Pública Salamanca', 'Cultural', 4, 'Calle Goya 89', 40.4255, -3.6774, 3400, 1985, 2016, 'Alta', 'C'),
(19, 'Oficina Municipal Chamartín 1', 'Administrativo', 5, 'Calle Príncipe de Vergara 142', 40.4407, -3.6747, 3100, 1982, 2016, 'Alta', 'C'),
(20, 'CEIP Jiménez Sánchez', 'Educativo', 5, 'Calle Serrano 210', 40.4445, -3.6817, 4900, 1968, 2014, 'Media', 'D'),
(21, 'Centro de Salud Chamartín Sur', 'Sanitario', 5, 'Calle López de Hoyos 135', 40.4461, -3.6723, 2600, 1996, 2019, 'Alta', 'B'),
(22, 'Centro Cultural Nicolás Salmerón', 'Cultural', 5, 'Calle Mantuano 51', 40.4478, -3.6742, 3600, 1976, 2015, 'Media', 'C'),
(23, 'Oficina Municipal Tetuán 1', 'Administrativo', 6, 'Calle Bravo Murillo 357', 40.4656, -3.7007, 2700, 1984, 2016, 'Media', 'C'),
(24, 'CEIP López Torres', 'Educativo', 6, 'Calle Francos Rodríguez 67', 40.4613, -3.7058, 4600, 1972, 2013, 'Media', 'D'),
(25, 'Centro de Salud Tetuán Este', 'Sanitario', 6, 'Calle Infanta Mercedes 45', 40.4556, -3.6992, 2400, 1997, 2018, 'Alta', 'B'),
(26, 'Biblioteca Pública Tetuán', 'Cultural', 6, 'Calle Capitán Haya 38', 40.4587, -3.6934, 3100, 1988, 2017, 'Alta', 'C'),
(27, 'Oficina Municipal Chamberí 1', 'Administrativo', 7, 'Calle Fuencarral 135', 40.4326, -3.7015, 2900, 1981, 2015, 'Alta', 'C'),
(28, 'CEIP Núñez Rivera', 'Educativo', 7, 'Calle Santa Engracia 142', 40.4382, -3.7032, 4700, 1965, 2012, 'Media', 'D'),
(29, 'Centro de Salud Chamberí Norte', 'Sanitario', 7, 'Calle Espronceda 38', 40.4373, -3.7064, 2500, 1994, 2018, 'Alta', 'B'),
(30, 'Centro Cultural Galileo', 'Cultural', 7, 'Calle Galileo 39', 40.4349, -3.7082, 3700, 1974, 2014, 'Media', 'C'),
(31, 'Oficina Municipal Fuencarral 1', 'Administrativo', 8, 'Avenida Cardenal Herrera Oria 378', 40.4967, -3.7163, 3300, 1989, 2017, 'Alta', 'C'),
(32, 'CEIP Herrera Castro', 'Educativo', 8, 'Calle Isla de Arosa 12', 40.4922, -3.7058, 5200, 1978, 2015, 'Alta', 'C'),
(33, 'Centro de Salud Fuencarral', 'Sanitario', 8, 'Calle Ventisquero de la Condesa 27', 40.4837, -3.7125, 2700, 1998, 2019, 'Alta', 'B'),
(34, 'Centro Cultural Vaguada', 'Cultural', 8, 'Avenida Monforte de Lemos 36', 40.4802, -3.7127, 4100, 1985, 2016, 'Alta', 'B'),
(35, 'Oficina Municipal Moncloa 1', 'Administrativo', 9, 'Avenida Arco de la Victoria 4', 40.4353, -3.7212, 3000, 1983, 2015, 'Alta', 'C'),
(36, 'CEIP Ramiro de Maeztu', 'Educativo', 9, 'Calle Serrano 127', 40.4408, -3.6862, 5500, 1960, 2012, 'Media', 'D'),
(37, 'Centro de Salud Moncloa', 'Sanitario', 9, 'Calle Isaac Peral 18', 40.4339, -3.7158, 2400, 1996, 2018, 'Alta', 'B'),
(38, 'Centro Cultural Moncloa', 'Cultural', 9, 'Plaza Moncloa 1', 40.4350, -3.7174, 3900, 1982, 2015, 'Media', 'C'),
(39, 'Oficina Municipal Latina 1', 'Administrativo', 10, 'Avenida General Fanjul 2', 40.3856, -3.7585, 2800, 1985, 2016, 'Media', 'C'),
(40, 'CEIP García Lorca', 'Educativo', 10, 'Calle Aldeanueva de la Vera 11', 40.3896, -3.7495, 4800, 1975, 2014, 'Media', 'D'),
(41, 'Centro de Salud Latina', 'Sanitario', 10, 'Calle Camarena 218', 40.3842, -3.7653, 2500, 1997, 2019, 'Alta', 'B'),
(42, 'Centro Cultural Fernando de los Ríos', 'Cultural', 10, 'Calle Camarena 10', 40.3837, -3.7582, 3600, 1980, 2015, 'Media', 'C'),
(43, 'Oficina Municipal Carabanchel 1', 'Administrativo', 11, 'Calle Oporto 78', 40.3828, -3.7332, 2900, 1986, 2017, 'Media', 'C'),
(44, 'CEIP Pérez Galdós', 'Educativo', 11, 'Calle Eugenia de Montijo 61', 40.3815, -3.7397, 5000, 1972, 2013, 'Media', 'D'),
(45, 'Centro de Salud Carabanchel', 'Sanitario', 11, 'Calle General Ricardos 144', 40.3858, -3.7272, 2700, 1999, 2019, 'Alta', 'B'),
(46, 'Centro Cultural San Francisco', 'Cultural', 11, 'Calle Monseñor Óscar Romero 42', 40.3791, -3.7366, 3700, 1983, 2016, 'Media', 'C'),
(47, 'Oficina Municipal Usera 1', 'Administrativo', 12, 'Avenida Rafaela Ybarra 41', 40.3833, -3.7065, 2700, 1987, 2017, 'Media', 'C'),
(48, 'CEIP Marcelo Usera', 'Educativo', 12, 'Calle Perales de Tajuña 1', 40.3797, -3.7052, 4700, 1974, 2014, 'Media', 'D'),
(49, 'Centro de Salud Usera', 'Sanitario', 12, 'Calle Marcelo Usera 160', 40.3846, -3.7018, 2500, 1998, 2019, 'Alta', 'B'),
(50, 'Centro Cultural Orcasur', 'Cultural', 12, 'Plaza Asociación 1', 40.3764, -3.6986, 3500, 1984, 2016, 'Media', 'C'),
(51, 'Oficina Municipal Puente de Vallecas 1', 'Administrativo', 13, 'Avenida Albufera 42', 40.3953, -3.6695, 3000, 1988, 2018, 'Media', 'C'),
(52, 'CEIP Martínez Montañés', 'Educativo', 13, 'Calle Puerto del Monasterio 38', 40.3832, -3.6653, 4900, 1973, 2014, 'Media', 'D'),
(53, 'Centro de Salud Vallecas', 'Sanitario', 13, 'Calle Sierra Nevada 10', 40.3872, -3.6659, 2600, 1997, 2018, 'Alta', 'B'),
(54, 'Centro Cultural Pozo del Tío Raimundo', 'Cultural', 13, 'Avenida de las Glorietas 19', 40.3882, -3.6557, 3600, 1985, 2016, 'Media', 'C'),
(55, 'Oficina Municipal Moratalaz 1', 'Administrativo', 14, 'Calle Fuente Carrantona 8', 40.4073, -3.6437, 2800, 1984, 2016, 'Alta', 'C'),
(56, 'CEIP Francisco de Luis', 'Educativo', 14, 'Calle Corregidor Diego de Valderrábano 35', 40.4067, -3.6526, 4700, 1975, 2015, 'Media', 'D'),
(57, 'Centro de Salud Moratalaz', 'Sanitario', 14, 'Calle Hacienda de Pavones 271', 40.4037, -3.6383, 2400, 1996, 2018, 'Alta', 'B'),
(58, 'Centro Cultural Eduardo Chillida', 'Cultural', 14, 'Calle Arroyo Belincoso 9', 40.4076, -3.6457, 3500, 1982, 2015, 'Media', 'C'),
(59, 'Oficina Municipal Ciudad Lineal 1', 'Administrativo', 15, 'Calle Hermanos García Noblejas 16', 40.4319, -3.6456, 3100, 1986, 2017, 'Alta', 'C'),
(60, 'CEIP San Juan Bautista', 'Educativo', 15, 'Calle Torrelaguna 74', 40.4442, -3.6562, 5000, 1970, 2012, 'Media', 'D'),
(61, 'Centro de Salud Ciudad Lineal', 'Sanitario', 15, 'Calle José del Hierro 45', 40.4359, -3.6467, 2500, 1995, 2018, 'Alta', 'B'),
(62, 'Centro Cultural La Elipa', 'Cultural', 15, 'Calle Santa Felicidad 39', 40.4232, -3.6499, 3600, 1983, 2015, 'Media', 'C'),
(63, 'Oficina Municipal Hortaleza 1', 'Administrativo', 16, 'Carretera Canillas 2', 40.4700, -3.6542, 2900, 1989, 2018, 'Alta', 'C'),
(64, 'CEIP Pinar del Rey', 'Educativo', 16, 'Calle Fontarabia 83', 40.4778, -3.6456, 5100, 1978, 2015, 'Alta', 'C'),
(65, 'Centro de Salud Hortaleza', 'Sanitario', 16, 'Calle Añastro 27', 40.4645, -3.6361, 2600, 1998, 2019, 'Alta', 'B'),
(66, 'Centro Cultural Carril del Conde', 'Cultural', 16, 'Calle Carril del Conde 57', 40.4691, -3.6405, 3700, 1986, 2017, 'Alta', 'C'),
(67, 'Oficina Municipal Villaverde 1', 'Administrativo', 17, 'Calle Arroyo Bueno 53', 40.3455, -3.7089, 2700, 1987, 2017, 'Media', 'C'),
(68, 'CEIP Antonio de Nebrija', 'Educativo', 17, 'Calle Juan José Martínez Seco 52', 40.3483, -3.6953, 4800, 1974, 2014, 'Media', 'D'),
(69, 'Centro de Salud Villaverde', 'Sanitario', 17, 'Calle Totanes 1', 40.3446, -3.7053, 2500, 1997, 2019, 'Alta', 'B'),
(70, 'Centro Cultural Santa Petronila', 'Cultural', 17, 'Calle María Martínez Oviol 12', 40.3432, -3.7012, 3500, 1984, 2016, 'Media', 'C'),
(71, 'Oficina Municipal Villa de Vallecas 1', 'Administrativo', 18, 'Paseo Federico García Lorca 12', 40.3728, -3.6116, 2800, 1990, 2018, 'Alta', 'C'),
(72, 'CEIP Juan Gris', 'Educativo', 18, 'Calle Muela de San Juan 31', 40.3748, -3.6033, 5000, 1985, 2016, 'Alta', 'C'),
(73, 'Centro de Salud Villa de Vallecas', 'Sanitario', 18, 'Calle Sierra Gador 68', 40.3736, -3.6081, 2600, 1999, 2019, 'Alta', 'B'),
(74, 'Centro Cultural Zazuar', 'Cultural', 18, 'Calle Zazuar 4', 40.3741, -3.6067, 3600, 1988, 2017, 'Alta', 'C'),
(75, 'Oficina Municipal Vicálvaro 1', 'Administrativo', 19, 'Calle Condesa Vega del Pozo 4', 40.4022, -3.6082, 2700, 1988, 2018, 'Media', 'C'),
(76, 'CEIP Pedro Duque', 'Educativo', 19, 'Calle Forges 9', 40.4021, -3.5993, 4900, 1995, 2017, 'Alta', 'C'),
(77, 'Centro de Salud Vicálvaro', 'Sanitario', 19, 'Calle Villablanca 81', 40.4014, -3.6011, 2500, 1998, 2019, 'Alta', 'B'),
(78, 'Centro Cultural El Madroño', 'Cultural', 19, 'Calle Villardondiego 36', 40.4033, -3.6063, 3600, 1987, 2017, 'Media', 'C'),
(79, 'Oficina Municipal San Blas 1', 'Administrativo', 20, 'Avenida Hellín 37', 40.4302, -3.6234, 2900, 1986, 2017, 'Media', 'C'),
(80, 'CEIP República de Panamá', 'Educativo', 20, 'Calle Mota del Cuervo 51', 40.4306, -3.6170, 5000, 1975, 2014, 'Media', 'D'),
(81, 'Centro de Salud San Blas', 'Sanitario', 20, 'Calle Pobladura del Valle 11', 40.4287, -3.6124, 2500, 1997, 2018, 'Alta', 'B'),
(82, 'Centro Cultural Antonio Machado', 'Cultural', 20, 'Calle San Román del Valle 8', 40.4274, -3.6145, 3600, 1983, 2016, 'Media', 'C'),
(83, 'Oficina Municipal Barajas 1', 'Administrativo', 21, 'Plaza Mercurio 1', 40.4775, -3.5796, 2700, 1989, 2018, 'Alta', 'C'),
(84, 'CEIP Ciudad de Guadalajara', 'Educativo', 21, 'Calle Alameda de Osuna 12', 40.4701, -3.5802, 4800, 1980, 2015, 'Alta', 'C'),
(85, 'Centro de Salud Barajas', 'Sanitario', 21, 'Avenida Logroño 319', 40.4773, -3.5781, 2400, 1998, 2019, 'Alta', 'B'),
(86, 'Centro Cultural Gloria Fuertes', 'Cultural', 21, 'Avenida Logroño 179', 40.4676, -3.5901, 3500, 1985, 2016, 'Alta', 'C'),
(87, 'Polideportivo Arganzuela', 'Deportivo', 2, 'Paseo de la Chopera 71', 40.3985, -3.6949, 7200, 1990, 2017, 'Alta', 'B'),
(88, 'Polideportivo Daoiz y Velarde', 'Deportivo', 3, 'Plaza Daoiz y Velarde 5', 40.4083, -3.6704, 6500, 1988, 2016, 'Alta', 'C'),
(89, 'Polideportivo Fuente del Berro', 'Deportivo', 4, 'Calle Elvira 36', 40.4254, -3.6683, 6800, 1985, 2015, 'Media', 'C'),
(90, 'Polideportivo Chamartín', 'Deportivo', 5, 'Avenida Pío XII 2', 40.4577, -3.6789, 7100, 1982, 2014, 'Alta', 'C'),
(91, 'Polideportivo Antonio Díaz Miguel', 'Deportivo', 7, 'Calle Bravo Murillo 7', 40.4266, -3.7035, 6400, 1986, 2016, 'Alta', 'C'),
(92, 'Polideportivo La Masó', 'Deportivo', 8, 'Calle La Masó 80', 40.4939, -3.7090, 7300, 1992, 2018, 'Alta', 'B'),
(93, 'Polideportivo José María Cagigal', 'Deportivo', 9, 'Calle Santa Pola 22', 40.4284, -3.7298, 7500, 1975, 2015, 'Media', 'C'),
(94, 'Polideportivo Gallur', 'Deportivo', 10, 'Calle Gallur 2', 40.3901, -3.7383, 8200, 2013, 2019, 'Alta', 'A'),
(95, 'Polideportivo San Vicente de Paúl', 'Deportivo', 11, 'Calle Portalegre 36', 40.3763, -3.7287, 6700, 1984, 2015, 'Media', 'C'),
(96, 'Polideportivo Orcasitas', 'Deportivo', 12, 'Calle Rafaela Ybarra 52', 40.3772, -3.6974, 6600, 1986, 2016, 'Media', 'C'),
(97, 'Polideportivo Palomeras', 'Deportivo', 13, 'Calle Tranvía de Arganda 4', 40.3867, -3.6594, 6800, 1988, 2017, 'Media', 'C'),
(98, 'Polideportivo Moratalaz', 'Deportivo', 14, 'Calle Valdebernardo 2', 40.4032, -3.6347, 7100, 1980, 2014, 'Media', 'C'),
(99, 'Polideportivo San Juan Bautista', 'Deportivo', 15, 'Calle Discóbolo 30', 40.4460, -3.6585, 6400, 1992, 2018, 'Alta', 'B'),
(100, 'Polideportivo Luis Aragonés', 'Deportivo', 16, 'Calle El Provencio 20', 40.4616, -3.6462, 7200, 1995, 2018, 'Alta', 'B'),
(101, 'Polideportivo Plata y Castañar', 'Deportivo', 17, 'Paseo Plata y Castañar 7', 40.3412, -3.6989, 6900, 1987, 2017, 'Media', 'C'),
(102, 'Polideportivo Miguel Guillén Prim', 'Deportivo', 18, 'Calle Fuentespina 6', 40.3740, -3.6061, 7300, 1998, 2019, 'Alta', 'B'),
(103, 'Polideportivo Vicálvaro', 'Deportivo', 19, 'Paseo del Polideportivo 3', 40.4031, -3.6020, 7000, 1990, 2017, 'Media', 'C'),
(104, 'Polideportivo San Blas', 'Deportivo', 20, 'Calle Arcos de Jalón 59', 40.4222, -3.6174, 6700, 1985, 2016, 'Media', 'C'),
(105, 'Polideportivo Barajas', 'Deportivo', 21, 'Avenida Logroño 70', 40.4637, -3.5959, 6800, 1991, 2017, 'Alta', 'B'),
(106, 'Centro Social La Corrala', 'Social', 1, 'Calle Mesón de Paredes 78', 40.4103, -3.7050, 1700, 1982, 2015, 'Media', 'D'),
(107, 'Centro Social Arganzuela', 'Social', 2, 'Calle Canarias 22', 40.4024, -3.6960, 1900, 1985, 2016, 'Alta', 'C'),
(108, 'Centro Social Retiro Este', 'Social', 3, 'Calle Luis Mitjans 12', 40.4081, -3.6668, 1800, 1981, 2014, 'Media', 'D'),
(109, 'Centro Social Guindalera', 'Social', 4, 'Calle Cartagena 82', 40.4329, -3.6695, 1950, 1987, 2017, 'Alta', 'C'),
(110, 'Centro Social Prosperidad', 'Social', 5, 'Calle Luis Cabrera 45', 40.4417, -3.6693, 1750, 1983, 2015, 'Media', 'D'),
(111, 'Centro Social Berruguete', 'Social', 6, 'Calle San Enrique 16', 40.4600, -3.7045, 1700, 1984, 2016, 'Media', 'D'),
(112, 'Centro Social Trafalgar', 'Social', 7, 'Calle Jordán 27', 40.4310, -3.7041, 1850, 1980, 2014, 'Media', 'D'),
(113, 'Centro Social El Pardo', 'Social', 8, 'Calle Manuel Alonso 9', 40.5179, -3.7744, 1650, 1988, 2017, 'Media', 'D'),
(114, 'Centro Social Aravaca', 'Social', 9, 'Calle Zarza 20', 40.4578, -3.7812, 1800, 1986, 2016, 'Media', 'C'),
(115, 'Centro Social Lucero', 'Social', 10, 'Calle Alhambra 19', 40.4012, -3.7392, 1750, 1982, 2015, 'Media', 'D'),
(116, 'Centro Social Pan Bendito', 'Social', 11, 'Calle Besolla 18', 40.3813, -3.7420, 1650, 1985, 2016, 'Media', 'D'),
(117, 'Centro Social Orcasur', 'Social', 12, 'Calle Campotejar 9', 40.3725, -3.6978, 1700, 1983, 2015, 'Media', 'D'),
(118, 'Centro Social Entrevías', 'Social', 13, 'Calle Serena 52', 40.3797, -3.6582, 1800, 1987, 2017, 'Media', 'D'),
(119, 'Centro Social Pavones', 'Social', 14, 'Calle Hacienda de Pavones 332', 40.4018, -3.6346, 1750, 1984, 2016, 'Media', 'D'),
(120, 'Centro Social Pueblo Nuevo', 'Social', 15, 'Calle Francisco Villaespesa 14', 40.4318, -3.6382, 1800, 1986, 2016, 'Media', 'D'),
(121, 'Centro Social Manoteras', 'Social', 16, 'Calle Cuevas de Almanzora 56', 40.4764, -3.6549, 1700, 1988, 2017, 'Media', 'D'),
(122, 'Centro Social San Cristóbal', 'Social', 17, 'Calle Rocafort 5', 40.3435, -3.6927, 1650, 1981, 2014, 'Media', 'D'),
(123, 'Centro Social Ensanche de Vallecas', 'Social', 18, 'Calle Peñaranda de Bracamonte 5', 40.3704, -3.6058, 1900, 1999, 2019, 'Alta', 'B'),
(124, 'Centro Social Valdebernardo', 'Social', 19, 'Calle Ladera de los Almendros 8', 40.3997, -3.6174, 1750, 1992, 2018, 'Alta', 'C'),
(125, 'Centro Social Simancas', 'Social', 20, 'Calle Castillo de Uclés 28', 40.4270, -3.6095, 1700, 1983, 2015, 'Media', 'D'),
(126, 'Centro Social Alameda de Osuna', 'Social', 21, 'Calle Balandro 11', 40.4625, -3.5808, 1850, 1990, 2018, 'Alta', 'C');

-- Inserción de datos en la tabla lineas_transporte
INSERT INTO lineas_transporte (id, nombre, tipo, longitud_km, num_paradas, frecuencia_media_min, año_inauguracion) VALUES
-- Metro
(1, 'Línea 1', 'Metro', 23.3, 33, 4.0, 1919),
(2, 'Línea 2', 'Metro', 14.1, 20, 4.0, 1924),
(3, 'Línea 3', 'Metro', 16.4, 18, 3.5, 1936),
(4, 'Línea 4', 'Metro', 16.0, 23, 4.0, 1944),
(5, 'Línea 5', 'Metro', 23.2, 32, 4.0, 1968),
(6, 'Línea 6', 'Metro', 23.5, 28, 3.5, 1979),
(7, 'Línea 7', 'Metro', 32.9, 31, 4.5, 1974),
(8, 'Línea 8', 'Metro', 16.4, 8, 5.0, 1998),
(9, 'Línea 9', 'Metro', 19.6, 24, 4.5, 1980),
(10, 'Línea 10', 'Metro', 36.5, 31, 5.0, 1961),
(11, 'Línea 11', 'Metro', 8.2, 7, 5.0, 1998),
(12, 'Línea 12', 'Metro', 41.5, 28, 6.0, 2003),

-- EMT (Muestra de líneas principales)
(101, 'Línea 1', 'EMT', 8.2, 32, 7.0, 1972),
(102, 'Línea 3', 'EMT', 7.5, 29, 8.0, 1974),
(103, 'Línea 5', 'EMT', 9.8, 36, 7.5, 1975),
(104, 'Línea 6', 'EMT', 5.3, 24, 7.0, 1976),
(105, 'Línea 7', 'EMT', 5.6, 23, 8.0, 1977),
(106, 'Línea 9', 'EMT', 6.4, 26, 8.5, 1978),
(107, 'Línea 10', 'EMT', 6.8, 28, 9.0, 1978),
(108, 'Línea 14', 'EMT', 7.2, 31, 8.0, 1980),
(109, 'Línea 19', 'EMT', 8.9, 35, 9.5, 1982),
(110, 'Línea 20', 'EMT', 6.3, 25, 7.0, 1983),
(111, 'Línea 24', 'EMT', 10.5, 42, 10.0, 1985),
(112, 'Línea 27', 'EMT', 9.8, 38, 9.0, 1986),
(113, 'Línea 32', 'EMT', 8.7, 33, 8.5, 1988),
(114, 'Línea 34', 'EMT', 7.4, 30, 8.0, 1989),
(115, 'Línea 35', 'EMT', 11.2, 44, 10.5, 1990),
(116, 'Línea 36', 'EMT', 8.1, 32, 8.0, 1990),
(117, 'Línea 40', 'EMT', 9.3, 37, 9.0, 1992),
(118, 'Línea 45', 'EMT', 12.7, 50, 11.0, 1994),
(119, 'Línea 46', 'EMT', 7.8, 31, 8.5, 1995),
(120, 'Línea 50', 'EMT', 10.5, 42, 10.0, 1997),

-- Cercanías
(201, 'C-1', 'Cercanías', 42.8, 13, 10.0, 1975),
(202, 'C-2', 'Cercanías', 65.2, 18, 15.0, 1981),
(203, 'C-3', 'Cercanías', 62.5, 16, 15.0, 1983),
(204, 'C-4', 'Cercanías', 62.0, 18, 10.0, 1977),
(205, 'C-5', 'Cercanías', 44.9, 23, 5.0, 1989),
(206, 'C-7', 'Cercanías', 78.3, 30, 15.0, 1998),
(207, 'C-8', 'Cercanías', 41.6, 14, 15.0, 2000),
(208, 'C-9', 'Cercanías', 26.0, 9, 20.0, 2002),
(209, 'C-10', 'Cercanías', 63.7, 18, 15.0, 2004);

-- Inserción de datos en la tabla estaciones_transporte (muestra representativa)
INSERT INTO estaciones_transporte (id, nombre, linea_id, tipo, distrito_id, latitud, longitud, accesibilidad, correspondencia, año_inauguracion) VALUES
-- Estaciones de Metro (línea 1)
(1, 'Sol', 1, 'Estación', 1, 40.4168, -3.7038, 'Total', true, 1919),
(2, 'Gran Vía', 1, 'Estación', 1, 40.4200, -3.7016, 'Total', true, 1919),
(3, 'Tribunal', 1, 'Estación', 1, 40.4262, -3.7009, 'Parcial', true, 1919),
(4, 'Bilbao', 1, 'Estación', 1, 40.4292, -3.7021, 'Parcial', true, 1919),
(5, 'Iglesia', 1, 'Estación', 7, 40.4328, -3.7010, 'Parcial', false, 1929),
(6, 'Ríos Rosas', 1, 'Estación', 7, 40.4388, -3.7004, 'Parcial', false, 1929),
(7, 'Cuatro Caminos', 1, 'Estación', 6, 40.4468, -3.7040, 'Total', true, 1929),
(8, 'Tetuán', 1, 'Estación', 6, 40.4590, -3.6990, 'Parcial', false, 1929),
(9, 'Valdeacederas', 1, 'Estación', 6, 40.4645, -3.6979, 'Parcial', false, 1929),
(10, 'Plaza de Castilla', 1, 'Estación', 5, 40.4655, -3.6887, 'Total', true, 1961),

-- Estaciones de Metro (línea 6)
(11, 'Moncloa', 6, 'Estación', 9, 40.4352, -3.7173, 'Total', true, 1995),
(12, 'Argüelles', 6, 'Estación', 9, 40.4293, -3.7147, 'Total', true, 1995),
(13, 'Príncipe Pío', 6, 'Estación', 9, 40.4208, -3.7201, 'Total', true, 1995),
(14, 'Puerta del Ángel', 6, 'Estación', 10, 40.4111, -3.7302, 'Parcial', false, 1995),
(15, 'Alto de Extremadura', 6, 'Estación', 10, 40.4080, -3.7389, 'Parcial', false, 1995),
(16, 'Lucero', 6, 'Estación', 10, 40.4031, -3.7456, 'Parcial', false, 1995),
(17, 'Laguna', 6, 'Estación', 10, 40.3956, -3.7485, 'Parcial', false, 1995),
(18, 'Carpetana', 6, 'Estación', 10, 40.3915, -3.7425, 'Parcial', false, 1995),
(19, 'Oporto', 6, 'Estación', 11, 40.3848, -3.7345, 'Total', true, 1995),
(20, 'Plaza Elíptica', 6, 'Estación', 12, 40.3850, -3.7187, 'Total', true, 1995),

-- Paradas de EMT (línea 27)
(21, 'Embajadores - Ferrocarril', 112, 'Parada', 1, 40.4066, -3.7008, 'Parcial', false, 1986),
(22, 'Embajadores - Ronda de Toledo', 112, 'Parada', 1, 40.4053, -3.7063, 'Parcial', false, 1986),
(23, 'Ronda de Segovia - Puerta de Toledo', 112, 'Parada', 1, 40.4113, -3.7122, 'Parcial', false, 1986),
(24, 'Gran Vía de San Francisco - Bailén', 112, 'Parada', 1, 40.4116, -3.7143, 'Parcial', false, 1986),
(25, 'Plaza de España', 112, 'Parada', 1, 40.4236, -3.7124, 'Total', true, 1986),
(26, 'Gran Vía - Callao', 112, 'Parada', 1, 40.4197, -3.7058, 'Total', true, 1986),
(27, 'Gran Vía - Red de San Luis', 112, 'Parada', 1, 40.4195, -3.7012, 'Total', true, 1986),
(28, 'Alcalá - Sevilla', 112, 'Parada', 1, 40.4188, -3.6975, 'Total', true, 1986),
(29, 'Puerta del Sol', 112, 'Parada', 1, 40.4168, -3.7038, 'Total', true, 1986),
(30, 'Carretas', 112, 'Parada', 1, 40.4156, -3.7031, 'Total', false, 1986),

-- Estaciones de Cercanías
(31, 'Atocha', 204, 'Estación', 3, 40.4061, -3.6898, 'Total', true, 1977),
(32, 'Recoletos', 204, 'Estación', 4, 40.4242, -3.6915, 'Parcial', true, 1977),
(33, 'Nuevos Ministerios', 204, 'Estación', 5, 40.4470, -3.6918, 'Total', true, 1977),
(34, 'Chamartín', 204, 'Estación', 5, 40.4726, -3.6827, 'Total', true, 1977),
(35, 'Sol', 204, 'Estación', 1, 40.4169, -3.7038, 'Total', true, 2009),
(36, 'Méndez Álvaro', 204, 'Estación', 2, 40.3982, -3.6824, 'Total', true, 1977),
(37, 'Asamblea de Madrid-Entrevías', 204, 'Estación', 13, 40.3778, -3.6593, 'Parcial', false, 1977),
(38, 'El Pozo', 204, 'Estación', 13, 40.3723, -3.6563, 'Parcial', false, 1977),
(39, 'Vallecas', 204, 'Estación', 18, 40.3629, -3.6318, 'Parcial', false, 1977),
(40, 'Santa Eugenia', 204, 'Estación', 18, 40.3776, -3.6184, 'Parcial', false, 1977);

-- Inserción de datos en la tabla zonas_verdes
INSERT INTO zonas_verdes (id, nombre, tipo, distrito_id, superficie_m2, latitud, longitud, año_creacion, num_especies_vegetales, tiene_area_infantil, tiene_area_deportiva, tiene_area_canina) VALUES
(1, 'Parque del Retiro', 'Parque', 3, 1180000, 40.4153, -3.6844, 1868, 80, true, true, true),
(2, 'Parque del Oeste', 'Parque', 9, 750000, 40.4312, -3.7236, 1906, 60, true, true, true),
(3, 'Parque Juan Carlos I', 'Parque', 21, 1600000, 40.4645, -3.6091, 1992, 70, true, true, true),
(4, 'Casa de Campo', 'Área forestal', 9, 17000000, 40.4244, -3.7539, 1931, 90, true, true, true),
(5, 'Madrid Río', 'Parque', 2, 1210000, 40.4063, -3.7183, 2011, 65, true, true, true),
(6, 'Parque Tierno Galván', 'Parque', 2, 450000, 40.3932, -3.6808, 1986, 45, true, true, false),
(7, 'Parque Quinta de los Molinos', 'Parque', 15, 250000, 40.4367, -3.6294, 1920, 40, true, false, false),
(8, 'Parque Lineal del Manzanares', 'Parque', 12, 820000, 40.3658, -3.6952, 2003, 50, true, true, true),
(9, 'Jardines de Sabatini', 'Jardín', 1, 25000, 40.4202, -3.7136, 1933, 30, false, false, false),
(10, 'Parque de Berlín', 'Parque', 5, 48000, 40.4407, -3.6722, 1967, 35, true, true, false),
(11, 'Parque Quinta de la Fuente del Berro', 'Parque', 4, 130000, 40.4228, -3.6699, 1954, 40, true, false, false),
(12, 'Parque de Roma', 'Parque', 4, 85000, 40.4302, -3.6681, 1970, 30, true, true, false),
(13, 'Parque Dehesa de la Villa', 'Área forestal', 9, 700000, 40.4561, -3.7227, 1929, 55, true, true, true),
(14, 'Parque del Capricho', 'Jardín', 21, 140000, 40.4607, -3.5969, 1784, 50, false, false, false),
(15, 'Parque Santander', 'Parque', 5, 60000, 40.4528, -3.6710, 1983, 25, true, true, false),
(16, 'Parque Agustín Rodríguez Sahagún', 'Parque', 6, 120000, 40.4701, -3.7064, 1995, 40, true, true, true),
(17, 'Parque de la Cuña Verde de O\'Donnell', 'Parque', 15, 400000, 40.4232, -3.6470, 2003, 45, true, true, true),
(18, 'Parque Forestal de Valdebebas', 'Área forestal', 16, 4700000, 40.4747, -3.6119, 2015, 60, true, true, true),
(19, 'Parque de la Cuña Verde de Vicálvaro', 'Parque', 19, 380000, 40.4018, -3.6018, 2007, 38, true, true, true),
(20, 'Parque Emperatriz María de Austria', 'Parque', 11, 210000, 40.3830, -3.7252, 1991, 42, true, true, true),
(21, 'Parque de las Cruces', 'Parque', 11, 380000, 40.3763, -3.7458, 1982, 45, true, true, false),
(22, 'Parque Plata y Castañar', 'Parque', 17, 150000, 40.3412, -3.6992, 1986, 35, true, true, false),
(23, 'Jardín Botánico', 'Jardín', 3, 80000, 40.4118, -3.6886, 1781, 90, false, false, false),
(24, 'Parque Dolores Ibárruri', 'Parque', 10, 70000, 40.4097, -3.7323, 1989, 30, true, true, false),
(25, 'Jardines del Campo del Moro', 'Jardín', 1, 200000, 40.4186, -3.7170, 1844, 35, false, false, false),
(26, 'Parque Norte', 'Parque', 8, 350000, 40.4962, -3.6941, 1985, 40, true, true, true),
(27, 'Parque Juan Pablo II', 'Parque', 20, 180000, 40.4204, -3.6099, 2000, 38, true, true, true),
(28, 'Parque Huerta del Obispo', 'Parque', 17, 110000, 40.3445, -3.7042, 1992, 32, true, true, false),
(29, 'Parque de San Isidro', 'Parque', 11, 250000, 40.3938, -3.7300, 1970, 36, true, true, false),
(30, 'Parque Enrique Tierno Galván', 'Parque', 2, 450000, 40.3932, -3.6808, 1986, 45, true, true, false),
(31, 'Jardines de la Plaza de Oriente', 'Jardín', 1, 35000, 40.4183, -3.7117, 1844, 28, false, false, false),
(32, 'Jardines de Sabatini', 'Jardín', 1, 25000, 40.4202, -3.7136, 1933, 30, false, false, false),
(33, 'Parque del Cerro del Tío Pío', 'Parque', 13, 170000, 40.3933, -3.6593, 1987, 34, true, true, false),
(34, 'Parque de la Ventilla', 'Parque', 6, 100000, 40.4693, -3.6945, 1990, 30, true, true, false),
(35, 'Parque Félix Rodríguez de la Fuente', 'Parque', 14, 85000, 40.4083, -3.6398, 1984, 28, true, true, false),
(36, 'Parque Valdebernardo', 'Parque', 19, 120000, 40.3992, -3.6207, 1995, 35, true, true, true),
(37, 'Parque Fuente Carrantona', 'Parque', 14, 95000, 40.4079, -3.6437, 1986, 32, true, true, false),
(38, 'Parque Pinar de Barajas', 'Área forestal', 21, 230000, 40.4749, -3.5850, 1980, 45, true, true, false),
(39, 'Parque Lineal de Palomeras', 'Parque', 13, 180000, 40.3869, -3.6582, 1988, 30, true, true, false),
(40, 'Jardines del Descubrimiento', 'Jardín', 4, 40000, 40.4226, -3.6903, 1977, 25, false, false, false),
(41, 'Parque Aluche', 'Parque', 10, 110000, 40.3859, -3.7543, 1975, 35, true, true, true),
(42, 'Parque Cuña Verde de Latina', 'Parque', 10, 160000, 40.3921, -3.7651, 1996, 38, true, true, true),
(43, 'Parque Arriaga', 'Parque', 15, 95000, 40.4289, -3.6367, 1982, 28, true, true, false),
(44, 'Parque Carlos Arias Navarro', 'Parque', 12, 115000, 40.3776, -3.7006, 1987, 32, true, true, false),
(45, 'Parque Delicias', 'Parque', 2, 85000, 40.3982, -3.6876, 1984, 30, true, true, false),
(46, 'Parque Eva Perón', 'Parque', 13, 65000, 40.3829, -3.6643, 1990, 25, true, true, false),
(47, 'Parque Breogán', 'Parque', 4, 70000, 40.4279, -3.6683, 1982, 27, true, true, false),
(48, 'Parque Casino de la Reina', 'Parque', 1, 45000, 40.4079, -3.7035, 1996, 22, true, false, false),
(49, 'Parque Emir Mohamed I', 'Jardín', 1, 38000, 40.4163, -3.7156, 2011, 20, true, false, false),
(50, 'Parque del Oeste (Dehesa de la Villa)', 'Área forestal', 9, 700000, 40.4561, -3.7227, 1929, 55, true, true, true);

-- Inserción de datos en la tabla consumo_energetico (muestra representativa del mes de enero 2024)
INSERT INTO consumo_energetico (id, edificio_id, fecha, consumo_electrico_kwh, consumo_gas_m3, consumo_agua_m3, emisiones_co2_kg, coste_total_euros) VALUES
(1, 1, '2024-01-01', 2450, 380, 175, 1072.5, 786.25),
(2, 2, '2024-01-01', 2940, 420, 210, 1353.0, 882.0),
(3, 3, '2024-01-01', 1960, 340, 140, 901.0, 665.0),
(4, 4, '2024-01-01', 5250, 680, 375, 2345.0, 1526.25),
(5, 5, '2024-01-01', 4340, 620, 310, 1961.0, 1267.0),
(6, 6, '2024-01-01', 1260, 180, 90, 576.0, 373.5),
(7, 7, '2024-01-01', 1960, 280, 140, 896.0, 588.0),
(8, 8, '2024-01-01', 3570, 510, 255, 1632.0, 1058.25),
(9, 9, '2024-01-01', 1750, 250, 125, 800.0, 525.0),
(10, 10, '2024-01-01', 2240, 320, 160, 1024.0, 672.0),
(11, 11, '2024-01-01', 1820, 260, 130, 832.0, 546.0),
(12, 12, '2024-01-01', 3360, 480, 240, 1536.0, 1008.0),
(13, 13, '2024-01-01', 1610, 230, 115, 736.0, 483.0),
(14, 14, '2024-01-01', 2660, 380, 190, 1216.0, 798.0),
(15, 15, '2024-01-01', 2240, 320, 160, 1024.0, 672.0),
(16, 16, '2024-01-01', 3780, 540, 270, 1728.0, 1134.0),
(17, 17, '2024-01-01', 1750, 250, 125, 800.0, 525.0),
(18, 18, '2024-01-01', 2380, 340, 170, 1088.0, 714.0),
(19, 19, '2024-01-01', 2170, 310, 155, 992.0, 651.0),
(20, 20, '2024-01-01', 3430, 490, 245, 1568.0, 1029.0),
(21, 21, '2024-01-01', 1820, 260, 130, 832.0, 546.0),
(22, 22, '2024-01-01', 2520, 360, 180, 1152.0, 756.0),
(23, 23, '2024-01-01', 1890, 270, 135, 864.0, 567.0),
(24, 24, '2024-01-01', 3220, 460, 230, 1472.0, 966.0),
(25, 25, '2024-01-01', 1680, 240, 120, 768.0, 504.0),
(26, 26, '2024-01-01', 2170, 310, 155, 992.0, 651.0),
(27, 27, '2024-01-01', 2030, 290, 145, 928.0, 609.0),
(28, 28, '2024-01-01', 3290, 470, 235, 1504.0, 987.0),
(29, 29, '2024-01-01', 1750, 250, 125, 800.0, 525.0),
(30, 30, '2024-01-01', 2590, 370, 185, 1184.0, 777.0),

-- Febrero 2024 (muestra representativa)
(31, 1, '2024-02-01', 2352, 365, 168, 1029.5, 754.8),
(32, 2, '2024-02-01', 2822, 403, 202, 1298.9, 846.7),
(33, 3, '2024-02-01', 1882, 326, 134, 864.9, 638.4),
(34, 4, '2024-02-01', 5040, 653, 360, 2251.2, 1465.2),
(35, 5, '2024-02-01', 4166, 595, 298, 1882.6, 1216.3),
(36, 6, '2024-02-01', 1210, 173, 86, 553.0, 358.6),
(37, 7, '2024-02-01', 1882, 269, 134, 860.2, 564.5),
(38, 8, '2024-02-01', 3427, 490, 245, 1566.7, 1015.9),
(39, 9, '2024-02-01', 1680, 240, 120, 768.0, 504.0),
(40, 10, '2024-02-01', 2150, 307, 154, 982.7, 645.1),

-- Marzo 2024 (muestra representativa)
(41, 1, '2024-03-01', 1960, 280, 140, 896.0, 588.0),
(42, 2, '2024-03-01', 2352, 336, 168, 1075.2, 705.6),
(43, 3, '2024-03-01', 1568, 224, 112, 716.8, 470.4),
(44, 4, '2024-03-01', 4200, 600, 300, 1920.0, 1260.0),
(45, 5, '2024-03-01', 3472, 496, 248, 1587.2, 1041.6),
(46, 6, '2024-03-01', 1008, 144, 72, 460.8, 302.4),
(47, 7, '2024-03-01', 1568, 224, 112, 716.8, 470.4),
(48, 8, '2024-03-01', 2856, 408, 204, 1305.6, 856.8),
(49, 9, '2024-03-01', 1400, 200, 100, 640.0, 420.0),
(50, 10, '2024-03-01', 1792, 256, 128, 819.2, 537.6),

-- Abril 2024 (muestra representativa)
(51, 1, '2024-04-01', 1715, 245, 123, 784.0, 514.5),
(52, 2, '2024-04-01', 2058, 294, 147, 940.8, 617.4),
(53, 3, '2024-04-01', 1372, 196, 98, 627.2, 411.6),
(54, 4, '2024-04-01', 3675, 525, 263, 1680.0, 1102.5),
(55, 5, '2024-04-01', 3038, 434, 217, 1388.8, 911.4),
(56, 6, '2024-04-01', 882, 126, 63, 403.2, 264.6),
(57, 7, '2024-04-01', 1372, 196, 98, 627.2, 411.6),
(58, 8, '2024-04-01', 2499, 357, 179, 1142.4, 749.7),
(59, 9, '2024-04-01', 1225, 175, 88, 560.0, 367.5),
(60, 10, '2024-04-01', 1568, 224, 112, 716.8, 470.4),

-- Mayo 2024 (muestra representativa)
(61, 1, '2024-05-01', 1470, 147, 105, 588.0, 367.5),
(62, 2, '2024-05-01', 1764, 176, 126, 705.6, 441.0),
(63, 3, '2024-05-01', 1176, 118, 84, 470.4, 294.0),
(64, 4, '2024-05-01', 3150, 315, 225, 1260.0, 787.5),
(65, 5, '2024-05-01', 2604, 260, 186, 1041.6, 651.0),
(66, 6, '2024-05-01', 756, 76, 54, 302.4, 189.0),
(67, 7, '2024-05-01', 1176, 118, 84, 470.4, 294.0),
(68, 8, '2024-05-01', 2142, 214, 153, 856.8, 535.5),
(69, 9, '2024-05-01', 1050, 105, 75, 420.0, 262.5),
(70, 10, '2024-05-01', 1344, 134, 96, 537.6, 336.0),

-- Junio 2024 (muestra representativa - aumento por aire acondicionado)
(71, 1, '2024-06-01', 2695, 135, 105, 807.5, 472.5),
(72, 2, '2024-06-01', 3234, 162, 126, 969.0, 567.0),
(73, 3, '2024-06-01', 2156, 108, 84, 646.8, 378.6),
(74, 4, '2024-06-01', 5775, 289, 225, 1732.5, 1012.5),
(75, 5, '2024-06-01', 4774, 239, 186, 1432.2, 837.3),
(76, 6, '2024-06-01', 1386, 69, 54, 415.8, 243.3),
(77, 7, '2024-06-01', 2156, 108, 84, 646.8, 378.6),
(78, 8, '2024-06-01', 3927, 196, 153, 1178.1, 689.4),
(79, 9, '2024-06-01', 1925, 96, 75, 577.5, 337.5),
(80, 10, '2024-06-01', 2464, 123, 96, 739.2, 432.6),

-- Julio 2024 (muestra representativa - máximo por aire acondicionado)
(81, 1, '2024-07-01', 3185, 127, 105, 954.5, 547.5),
(82, 2, '2024-07-01', 3822, 153, 126, 1146.6, 657.9),
(83, 3, '2024-07-01', 2548, 102, 84, 764.4, 438.6),
(84, 4, '2024-07-01', 6825, 273, 225, 2047.5, 1177.5),
(85, 5, '2024-07-01', 5642, 226, 186, 1692.6, 973.8),
(86, 6, '2024-07-01', 1638, 66, 54, 491.4, 282.3),
(87, 7, '2024-07-01', 2548, 102, 84, 764.4, 438.6),
(88, 8, '2024-07-01', 4641, 186, 153, 1392.3, 802.2),
(89, 9, '2024-07-01', 2275, 91, 75, 682.5, 393.8),
(90, 10, '2024-07-01', 2912, 116, 96, 873.6, 502.8),

-- Agosto 2024 (muestra representativa - alto por aire acondicionado pero menor ocupación)
(91, 1, '2024-08-01', 2695, 108, 84, 808.5, 462.6),
(92, 2, '2024-08-01', 3234, 129, 101, 970.2, 555.8),
(93, 3, '2024-08-01', 2156, 86, 67, 646.8, 370.7),
(94, 4, '2024-08-01', 5775, 231, 180, 1732.5, 993.3),
(95, 5, '2024-08-01', 4774, 191, 149, 1432.2, 820.6),
(96, 6, '2024-08-01', 1386, 55, 43, 415.8, 238.2),
(97, 7, '2024-08-01', 2156, 86, 67, 646.8, 370.7),
(98, 8, '2024-08-01', 3927, 157, 122, 1178.1, 675.2),
(99, 9, '2024-08-01', 1925, 77, 60, 577.5, 330.8),
(100, 10, '2024-08-01', 2464, 99, 77, 739.2, 423.5);